Timestamp,PM2.5 (µg/m³),PM10 (µg/m³),NO (µg/m³),NO2 (µg/m³),NOx (ppb),NH3 (µg/m³),SO2 (µg/m³),CO (mg/m³),Ozone (µg/m³),Benzene (µg/m³),Toluene (µg/m³),Xylene (µg/m³),O Xylene (µg/m³),Eth-Benzene (µg/m³),MP-Xylene (µg/m³),AT (°C),RH (%),WS (m/s),WD (deg),RF (mm),TOT-RF (mm),SR (W/mt2),BP (mmHg),VWS (m/s)
01-01-2023,138.7048611,167.2638889,142.8318182,47.21180556,152.0105072,95.22992424,8.306746032,2.007743056,22.58888889,11.28361111,,,,,,,,,,,,,,
02-01-2023,292.0833333,361.4201389,139.2732639,52.08888889,140.9392361,118.3628472,8.173611111,1.6175,10.68888889,11.73003472,,,,,,,,,,,,,,
03-01-2023,284.0902778,366.8402778,103.0611111,36.83194444,103.3864583,106.4697917,9.490625,1.038611111,12.28680556,9.743958333,,,,,,,,,,,,,,
04-01-2023,222.8333333,286.8715278,89.38263889,33.78819444,90.64131944,97.46493056,7.804513889,0.289473684,14.43888889,10.35152778,,,,,,,,,,,,,,
05-01-2023,268.9375,352.9861111,145.7868056,55.975,148.2947917,91.31527778,9.584027778,2.499772727,11.18541667,12.38163194,,,,,,,,,,,,,,
06-01-2023,311.6006944,441.6319444,105.1805556,55.62534722,115.0986111,102.3701389,10.09548611,1.531631944,11.5,12.08010417,,,,,,,,,,,,,,
07-01-2023,290.5104167,413.4618056,124.7642361,57.13263889,131.8239583,85.06770833,12.26076389,1.959618056,11.775,15.84965278,,,,,,,,,,,,,,
08-01-2023,325.365942,436.9756944,145.2315972,57.88923611,148.8701389,91.06770833,11.15972222,2.435729167,12.97326389,16.18583333,,,,,,,,,,,,,,
09-01-2023,479.8452381,618.5416667,195.2086806,86.87673611,205.7850694,116.8732639,10.14826389,3.526041667,8.482986111,21.05052083,,,,,,,,,,,,,,
10-01-2023,332.7465278,410.8333333,156.1350694,49.29027778,153.1583333,109.403125,8.659375,2.393923611,15.46805556,17.07434028,,,,,,,,,,,,,,
11-01-2023,278.0416667,338.0555556,116.1805556,47.60798611,119.7756944,96.27847222,9.087152778,1.509548611,16.67986111,9.779201389,,,,,,,,,,,,,,
12-01-2023,313.5173611,385.4375,139.3875,44.21875,136.8388889,95.32361111,7.525694444,1.989444444,16.57708333,11.13850694,,,,,,,,,,,,,,
13-01-2023,334.0694444,402.3194444,125.3163194,42.36736111,124.4114583,115.175,8.943402778,2.092326389,16.83645833,13.348125,,,,,,,,,,,,,,
14-01-2023,224.9756944,280.3125,79.15590278,19.70243056,74.81631944,113.5506944,7.58125,0.981458333,38.69826389,8.518993056,,,,,,,,,,,,,,
15-01-2023,103.3478261,158.8586957,69.4452381,20.28928571,67.06011905,85.30119048,15.81493056,0.954930556,46.81597222,9.086309524,,,,,,,,,,,,,,
16-01-2023,179.5694444,250.2326389,166.700641,125.2083333,201.9788462,151.6102564,10.00138889,1.559166667,38.87534722,10.78653846,,,,,,,,,,,,,,
17-01-2023,176.3020833,245.7291667,182.8477273,167.4354167,206.8789683,161.778125,7.177430556,1.781354167,35.69895833,13.58715278,,,,,,,,,,,,,,
18-01-2023,232.4652778,330.8298611,213.7632353,230.8628788,245.4307292,193.1427083,9.280208333,2.807118056,33.19548611,18.05315972,,,,,,,,,,,,,,
19-01-2023,228.7651515,338.4621212,206.4815217,213.234375,258.6390152,225.5704861,9.525,1.942048611,34.57638889,15.55347222,,,,,,,,,,,,,,
20-01-2023,108.5173611,163.75,128.5357639,76.32638889,141.54375,190.0708333,8.626041667,0.880069444,37.08506944,6.521493056,,,,,,,,,,,,,,
21-01-2023,255.7256944,353.0555556,238.3743056,167.8795139,279.2604167,217.28125,8.921212121,1.915868056,23.15451389,13.88967391,,,,,,,,,,,,,,
22-01-2023,283.4583333,377.8055556,221.8199275,176.6125,255.2223485,240.7982639,9.364236111,1.946006944,27.68194444,13.59576389,,,,,,,,,,,,,,
23-01-2023,202.2986111,307.5729167,237.7145833,201.7528986,270.7491667,210.242029,9.78125,2.637395833,29.88298611,13.08128472,,,,,,,,,,,,,,
24-01-2023,143.5347222,196.8506944,275.3927083,156.8423611,299.7440972,224.2868056,7.740972222,1.243645833,14.95451389,7.766388889,,,,,,,,,,,,,,
25-01-2023,178.6111111,233.8194444,222.5598485,126.0027778,228.5857143,244.1954861,5.723611111,1.401631944,14.81423611,12.86184028,,,,,,,,,,,,,,
26-01-2023,189.2465278,235.4895833,127.9239583,39.56770833,124.2743056,249.2246528,6.961458333,0.8134375,23.56597222,8.291145833,,,,,,,,,,,,,,
27-01-2023,67.04347826,125.9791667,120.6506944,72.86493056,136.6569444,186.7045139,6.79375,0.812361111,58.01701389,7.464861111,,,,,,,,,,,,,,
28-01-2023,130.1215278,207.5590278,153.4532609,103.93125,156.3015152,147.4958333,7.547569444,1.508368056,55.07430556,13.62055556,,,,,,,,,,,,,,
29-01-2023,256.0659722,328.3715278,252.1105263,229.7732639,293.7399123,234.9392361,5.638888889,2.679756944,13.13715278,15.76236111,,,,,,,,,,,,,,
30-01-2023,119.5362319,148.3611111,221.7496528,125.4951389,246.4079861,171.9649306,5.781597222,1.425069444,15.64548611,7.042256944,,,,,,,,,,,,,,
31-01-2023,122.9236111,159.71875,165.8631944,68.22743056,169.9614583,218.3180556,6.269565217,1.000555556,24.84513889,9.824270833,,,,,,,,,,,,,,
01-02-2023,65.96527778,119.3784722,125.1239583,55.109375,129.66875,199.4118056,5.412152778,0.738159722,41.20486111,8.490208333,,,,,,,,,,,,,,
02-02-2023,78.4375,148.8368056,121.3,69.70972222,135.4225694,172.6097222,7.211458333,0.866006944,43.01145833,9.299340278,,,,,,,,,,,,,,
03-02-2023,111.6388889,210.7951389,168.5776515,128.6138889,158.4,175.8576389,7.20625,1.525590278,38.84340278,13.48715278,,,,,,,,,,,,,,
04-02-2023,137.0555556,230.8020833,151.3111111,108.9447917,180.7711806,210.1277778,7.582986111,1.100729167,40.63159722,10.96753472,,,,,,,,,,,,,,
05-02-2023,111.3854167,199.5104167,137.9608333,130.0864583,148.2775,184.159375,8.523611111,1.310138889,41.54722222,7.839930556,,,,,,,,,,,,,,
06-02-2023,276.4756944,389.3854167,314.9070513,322.8572464,323.1383333,227.3427536,10.80590278,3.366631944,22.35694444,13.58118056,,,,,,,,,,,,,,
07-02-2023,229.5659722,310.9236111,174.8136364,100.1731884,188.4628788,203.3992754,7.272826087,1.279637681,20.04710145,11.26643939,,,,,,,,,,,,,,
08-02-2023,114.1180556,195.7048611,94.62708333,82.87673611,121.0166667,90.67986111,10.83090278,1.099652778,26.84756944,10.31375,,,,,,,,,,,,,,
09-02-2023,184.2348485,263.280303,131.0575,119.81,170.0145833,73.53125,21.94275362,1.575688406,16.2375,10.07041667,,,,,,,,,,,,,,
10-02-2023,179.057971,269.6413043,43.24875,106.77125,91.96416667,39.405,11.20729167,2.004270833,14.41423611,8.871909722,,,,,,,,,,,,,,
11-02-2023,178.8854167,287.3263889,40.74548611,92.34375,82.24548611,57.83680556,9.771527778,1.752638889,27.35972222,12.69059028,,,,,,,,,,,,,,
12-02-2023,40.15686275,98.45833333,18.525,31.76284722,31.95277778,36.50104167,9.262152778,0.581770833,36.54340278,6.581458333,,,,,,,,,,,,,,
13-02-2023,47.68055556,122.2881944,15.73402778,25.39756944,26.29826389,28.86979167,9.842013889,0.559201389,46.13784722,7.076527778,,,,,,,,,,,,,,
14-02-2023,60.18181818,128.0871212,16.47291667,36.02395833,32.54861111,29.57048611,10.81875,0.79875,35.15868056,8.305451389,,,,,,,,,,,,,,
15-02-2023,89.81944444,175.40625,18.65347222,47.540625,40.45625,34.36805556,10.98229167,1.115277778,26.13541667,12.10836806,,,,,,,,,,,,,,
16-02-2023,224.8263889,340.2638889,58.10643939,139.2128788,121.294697,60.21628788,8.667028986,3.035451389,27.1557971,15.96757937,,,,,,,,,,,,,,
17-02-2023,192.95,162.9953704,97.62638889,208.3850694,190.2121528,120.9020833,8.611458333,4.095243056,25.81527778,19.06923611,,,,,,,,,,,,,,
18-02-2023,216.1076389,312.1909722,78.26979167,163.13125,150.6010417,112.4697917,6.98125,3.224479167,28.72326389,18.46399306,,,,,,,,,,,,,,
19-02-2023,271.7673611,382.1979167,79.34513889,167.590625,153.6520833,108.509375,7.249652778,2.917048611,22.76493056,15.41854167,,,,,,,,,,,,,,
20-02-2023,279.1631944,413.0486111,74.78368056,152.2486111,141.7815972,105.0295139,11.59930556,2.522013889,20.49791667,12.82909722,,,,,,,,,,,,,,
21-02-2023,246.675,375.2934783,38.70590278,69.32395833,68.34583333,85.76319444,6.867857143,1.343020833,31.49027778,12.29881944,,,,,,,,,,,,,,
22-02-2023,298.625,454.3541667,45.71284722,83.73125,81.70243056,85.27777778,4.045175439,1.757743056,25.87361111,15.28503472,,,,,,,,,,,,,,
23-02-2023,76.71590909,196.9583333,38.24791667,66.575,66.5125,82.628125,3.053030303,0.966319444,25.38194444,12.06572917,,,,,,,,,,,,,,
24-02-2023,80.16287879,213.2840909,41.33020833,79.74201389,76.01909722,73.21493056,4.38125,1.270659722,31.64340278,13.01052083,,,,,,,,,,,,,,
25-02-2023,119.9513889,231.6666667,63.71736111,125.2725694,117.725,81.71875,8.297569444,2.108576389,33.15277778,13.55256944,,,,,,,,,,,,,,
26-02-2023,156.6284722,279.2222222,79.33090278,159.8795139,149.5291667,110.10625,10.00763889,2.200289855,30.834375,15.7384375,,,,,,,,,,,,,,
27-02-2023,118.0520833,232.5138889,59.92569444,111.7833333,108.1819444,82.58854167,7.200694444,1.153458333,32.12534722,13.04309028,,,,,,,,,,,,,,
28-02-2023,85.88194444,196.7986111,80.35942029,127.0373188,132.9018116,97.76594203,7.746296296,1.021990741,15.99673913,14.59344697,,,,,,,,,,,,,,
01-03-2023,68.24652778,181.9097222,75.01041667,117.1458333,123.2541667,100.4819444,9.063043478,1.635173611,17.43125,26.86479167,,,,,,,,,,,,,,
02-03-2023,90.81944444,189.4340278,70.88958333,107.44375,114.8086806,123.5930556,14.18298611,1.368888889,23.096875,29.46666667,,,,,,,,,,,,,,
03-03-2023,56.98611111,126.5729167,50.04652778,56.42673611,70.70277778,91.41458333,6.847222222,0.762083333,20.79722222,21.82711806,,,,,,,,,,,,,,
04-03-2023,50.05208333,119.6006944,46.10694444,48.54548611,63.35451389,84.49722222,9.238888889,0.751909722,20.68923611,24.12940972,,,,,,,,,,,,,,
05-03-2023,52.70833333,110.4166667,49.53888889,49.36145833,66.52916667,84.83819444,8.283680556,0.6884375,23.71770833,18.34243056,,,,,,,,,,,,,,
06-03-2023,63.44097222,116.3715278,48.45104167,54.51979167,68.37569444,79.53472222,9.606597222,0.800555556,27.46840278,18.20434028,,,,,,,,,,,,,,
07-03-2023,93.76449275,165.2608696,73.26388889,110.5638889,118.3663194,78.99826389,10.73993056,1.281590909,27.29340278,24.92854167,,,,,,,,,,,,,,
08-03-2023,129.4305556,194.3680556,88.734375,108.3952899,121.6025362,113.3940972,11.62569444,1.430350877,33.259375,26.71,,,,,,,,,,,,,,
09-03-2023,59.09375,115.0347222,58.83611111,69.90243056,85.16006944,65.48159722,8.4875,0.878194444,33.72916667,16.20510417,,,,,,,,,,,,,,
10-03-2023,91.06597222,163.5034722,62.01145833,78.93055556,92.39583333,77.32326389,11.55763889,1.118636364,24.60104167,30.95690972,,,,,,,,,,,,,,
11-03-2023,86.36805556,152.7569444,84.17256944,129.1347222,137.1027778,82.69673913,13.190625,1.726423611,27.89305556,33.54277778,,,,,,,,,,,,,,
12-03-2023,102.0625,201.2118056,108.5270833,188.7586806,188.6315972,109.5194444,14.01701389,2.268125,35.81423611,35.28677083,,,,,,,,,,,,,,
13-03-2023,91.73958333,188.9965278,96.01076389,147.0121528,155.7743056,89.59618056,13.74201389,1.818402778,27.88576389,26.74975694,,,,,,,,,,,,,,
14-03-2023,96.76041667,205.7291667,67.06076389,83.41493056,99.27638889,75.02777778,12.61458333,1.418715278,28.66527778,24.00524306,,,,,,,,,,,,,,
15-03-2023,100.1875,212.1979167,117.734375,198.56875,201.2020833,94.81597222,15.39583333,2.496041667,26.29131944,31.89795139,,,,,,,,,,,,,,
16-03-2023,103.219697,184.0643939,71.72395833,106.9086806,115.1791667,76.69479167,14.94791667,1.407083333,15.12604167,18.72260417,,,,,,,,,,,,,,
17-03-2023,99.97826087,200.7971014,75.31594203,113.1351449,121.3981884,71.21376812,12.86195652,1.403188406,15.60543478,10.3857971,,,,,,,,,,,,,,
18-03-2023,73.85069444,137.5,62.93020833,74.41388889,90.26111111,71.48888889,9.991666667,1.230486111,6.139236111,8.05,,,,,,,,,,,,,,
19-03-2023,84.12847222,189.7222222,71.66736111,96.86840278,109.2336806,80.96041667,10.11527778,1.380034722,10.25208333,10.44152778,,,,,,,,,,,,,,
20-03-2023,46.95486111,119.9722222,63.77826087,85.63514493,97.39565217,85.20471014,8.040217391,1.154722222,7.303409091,6.165652174,,,,,,,,,,,,,,
21-03-2023,44,72.80902778,46.69826389,55.55,67.51319444,66.12048611,4.877430556,0.941180556,14.96875,4.977916667,,,,,,,,,,,,,,
22-03-2023,94.32291667,166.0590278,60.09930556,90.77743056,97.14965278,83.26354167,9.035763889,1.311458333,19.81493056,9.153368056,,,,,,,,,,,,,,
23-03-2023,56.79861111,114.8159722,55.00277778,67.15868056,80.45555556,83.79756944,8.571180556,1.100659722,22.23298611,6.915277778,,,,,,,,,,,,,,
24-03-2023,84.60416667,173.9548611,91.51076389,134.1017361,145.7256944,115.9090278,7.982638889,1.732569444,6.579861111,10.46145833,,,,,,,,,,,,,,
25-03-2023,36.875,81.76736111,63.66840278,75.05208333,91.68506944,80.86909722,6.864930556,1.200486111,14.86041667,4.704409722,,,,,,,,,,,,,,
26-03-2023,59.27083333,141.7951389,52.51770833,40.78472222,64.37083333,98.14305556,7.194791667,0.647291667,29.3,5.902013889,,,,,,,,,,,,,,
27-03-2023,53.80208333,101.9548611,48.36284722,32.13541667,56.19097222,87.06527778,9.904861111,0.709097222,30.55208333,4.323819444,,,,,,,,,,,,,,
28-03-2023,60.29166667,122.3645833,56.64027778,73.87048611,85.27534722,76.64826389,7.773913043,1.129444444,26.04479167,6.6034375,,,,,,,,,,,,,,
29-03-2023,85.48611111,155.5729167,68.93819444,128.6725694,124.5013889,74.296875,11.69131944,1.666388889,26.72326389,9.254097222,,,,,,,,,,,,,,
30-03-2023,62.61805556,109.2708333,49.09652778,82.21041667,83.64270833,63.58611111,7.113888889,1.130659722,27.43020833,7.036666667,,,,,,,,,,,,,,
31-03-2023,29.75347222,63.38541667,42.87708333,50.37743056,61.64826389,72.45520833,6.767361111,0.692847222,14.51388889,3.687777778,,,,,,,,,,,,,,
01-04-2023,41.79166667,77.28819444,51.46284722,80.41736111,84.61111111,77.09618056,6.2375,1.020694444,16.84583333,4.144583333,,,,,,,,,,,,,,
02-04-2023,52.61111111,100.1354167,67.12152778,97.54895833,106.4583333,95.79618056,5.559027778,1.281770833,17.77326389,6.6115625,,,,,,,,,,,,,,
03-04-2023,70.29166667,133.1736111,70.64166667,112.9572917,117.4881944,87.55173611,9.60625,1.444444444,19.59270833,6.662083333,,,,,,,,,,,,,,
04-04-2023,35.81597222,69.14583333,41.090625,53.56215278,61.89513889,75.34895833,6.944791667,0.779895833,20.31527778,6.0328125,,,,,,,,,,,,,,
05-04-2023,37.68402778,73.29861111,51.73576389,78.41493056,83.73680556,80.98854167,10.78229167,1.059097222,21.578125,6.819270833,,,,,,,,,,,,,,
06-04-2023,30.97222222,76.95138889,36.50208333,53.84444444,58.29930556,64.70694444,8.007986111,0.696180556,25.71458333,4.938125,,,,,,,,,,,,,,
07-04-2023,38.16319444,85.45833333,37.66701389,61.45104167,63.30520833,49.49340278,14.13159722,0.881666667,24.540625,6.738506944,,,,,,,,,,,,,,
08-04-2023,45.94444444,92.84722222,46.55833333,86.00138889,83.30243056,45.54444444,10.34479167,1.219652778,28.71388889,8.351909722,,,,,,,,,,,,,,
09-04-2023,73.76736111,131.96875,83.53576389,157.1708333,151.5100694,85.89826389,11.86805556,1.962361111,24.33854167,13.29513889,,,,,,,,,,,,,,
10-04-2023,67.15277778,122.1840278,61.790625,107.36875,107.2652778,73.36423611,14.28020833,1.474652778,25.85833333,7.134166667,,,,,,,,,,,,,,
11-04-2023,92.43402778,151.1388889,51.35243056,92.87951389,91.12777778,88.24513889,12.94756944,1.446527778,24.66805556,10.92208333,,,,,,,,,,,,,,
12-04-2023,58.04861111,107.3611111,34.81006944,57.890625,59.09513889,63.109375,15.72395833,0.936180556,20.44895833,7.085069444,,,,,,,,,,,,,,
13-04-2023,58.20833333,109.5763889,50.65113636,83.93181818,85.82045455,67.59318182,13.07291667,1.322083333,22.73923611,8.440173611,,,,,,,,,,,,,,
14-04-2023,76.35069444,129.4826389,63.04537037,126.0324074,118.2981481,41.16759259,15.41319444,1.43625,21.41145833,9.689131944,,,,,,,,,,,,,,
15-04-2023,75.70486111,136.4021739,85.91527778,179.7975694,165.4833333,58.80144928,14.91111111,2.352847222,23.453125,9.700486111,,,,,,,,,,,,,,
16-04-2023,60.38194444,123.1666667,79.63680556,148.0920139,143.5083333,78.75659722,9.698263889,1.862430556,19.921875,6.905520833,,,,,,,,,,,,,,
17-04-2023,51.20486111,120.1180556,86.83125,154.5006944,152.7600694,86.55416667,11.93923611,1.993715278,24.434375,6.938125,,,,,,,,,,,,,,
18-04-2023,48.02430556,117.7430556,78.30381944,125.7322917,130.5006944,105.5319444,9.778472222,1.622013889,17.334375,6.657916667,,,,,,,,,,,,,,
19-04-2023,47.49305556,165.1215278,44.58263889,46.275,60.85486111,98.69895833,9.667013889,0.607152778,27.02048611,3.929270833,,,,,,,,,,,,,,
20-04-2023,29.12681159,77.04347826,41.853125,45.84548611,58.128125,80.04618056,8.250347222,0.670347222,22.38020833,4.235972222,,,,,,,,,,,,,,
21-04-2023,30.81944444,65.74305556,36.134375,51.64965278,56.85208333,57.94444444,10.040625,0.725659722,27.63472222,2.839409722,,,,,,,,,,,,,,
22-04-2023,32.34375,65.17361111,30.50833333,48.96736111,50.85,47.21041667,10.04756944,0.654722222,40.33923611,3.140034722,,,,,,,,,,,,,,
23-04-2023,20.71180556,46.5,27.80902778,46.53263889,47.36076389,42.57569444,5.475793651,0.603611111,29.00104167,2.026736111,,,,,,,,,,,,,,
24-04-2023,44.06944444,80.30208333,48.04548611,104.7149306,94.75451389,43.87604167,11.77152778,1.157638889,21.65243056,4.365659722,,,,,,,,,,,,,,
25-04-2023,50.35416667,83.13541667,45.02777778,86.51805556,82.62013889,41.28020833,10.05625,1.282222222,31.14270833,4.453263889,,,,,,,,,,,,,,
26-04-2023,72.15625,115.4791667,71.74166667,146.5559028,136.2704861,73.13229167,11.84236111,1.816493056,29.52118056,6.459131944,,,,,,,,,,,,,,
27-04-2023,71.79166667,117.9270833,53.66145833,104.3045139,99.10486111,55.37777778,8.219097222,1.306458333,31.86215278,6.433506944,,,,,,,,,,,,,,
28-04-2023,64.95833333,96.43560606,49.54431818,94.46742424,90.52462121,54.97738095,10.91439394,1.462291667,18.75719697,6.287765152,,,,,,,,,,,,,,
29-04-2023,53.29861111,94.74652778,49.27007576,87.26363636,86.47159091,59.90871212,9.320833333,1.108611111,13.28295455,5.671884058,,,,,,,,,,,,,,
30-04-2023,38.88888889,61.29166667,39.34826389,59.87951389,63.84166667,62.96111111,10.09375,0.826770833,25.25833333,4.663125,,,,,,,,,,,,,,
01-05-2023,39.29513889,70.375,42.09166667,49.07291667,60.32534722,71.31631944,5.107638889,0.859131944,5.777430556,3.731840278,,,,,,,,,,,,,,
02-05-2023,34.56597222,65.34722222,41.02881944,45.32083333,57.42222222,71.84236111,8.581746032,0.768854167,9.109722222,3.339791667,,,,,,,,,,,,,,
03-05-2023,38.08333333,68.45486111,43.359375,62.82743056,68.63854167,53.53854167,9.359126984,1.044652778,7.252083333,4.358472222,,,,,,,,,,,,,,
04-05-2023,47.59027778,85.23263889,41.86701389,75.43645833,74.159375,47.64618056,9.950347222,1.336944444,22.71006944,5.351388889,,,,,,,,,,,,,,
05-05-2023,70.81944444,100.1909722,46.84131944,76.57951389,78.81388889,56.18472222,11.50138889,1.430868056,29.80416667,6.122986111,,,,,,,,,,,,,,
06-05-2023,77.18402778,113.1145833,40.28368056,64.75138889,67.19548611,53.90381944,12.78298611,1.200902778,18.54722222,7.278090278,,,,,,,,,,,,,,
07-05-2023,45.32291667,82.85763889,37.72430556,63.98229167,64.69791667,40.64583333,10.19027778,0.959895833,26.05243056,3.289930556,,,,,,,,,,,,,,
08-05-2023,45.87152778,88.3125,48.70138889,90.45138889,87.70833333,45.46458333,11.69479167,1.235694444,11.34166667,4.195173611,,,,,,,,,,,,,,
09-05-2023,81.84583333,120.1958333,51.57159091,87.75984848,88.59848485,62.08522727,12.74492754,1.221086957,28.54347826,7.107789855,,,,,,,,,,,,,,
10-05-2023,85.27430556,109.5868056,40.78194444,71.02395833,70.91701389,50.62318841,13.95104167,1.189375,26.659375,5.800486111,,,,,,,,,,,,,,
11-05-2023,126.0590278,168.7326389,69.39513889,145.7145833,133.8520833,67.915625,13.73506944,2.246944444,23.10625,9.366145833,,,,,,,,,,,,,,
12-05-2023,89.57352941,125.1470588,79.07205882,152.5308824,145.2044118,102.6779412,11.19558824,1.849705882,29.35735294,6.563088235,,,,,,,,,,,,,,
13-05-2023,83.67592593,125.3981481,112.8958333,129.8885417,160.8375,38.56547619,33.42,2.417166667,18.0125,7.599259259,,,,,,,,,,,,,,
14-05-2023,99.20138889,143.375,86.67083333,64.49895833,101.8934028,47.040625,13.06701389,1.4921875,26.34166667,8.762222222,,,,,,,,,,,,,,
15-05-2023,42.13636364,85.39015152,73.79423077,28.53269231,70.29423077,46.16346154,29.69618056,0.564513889,27.771875,4.757142857,,,,,,,,,,,,,,
16-05-2023,169.2651515,337.0265152,32.05535714,36.94702381,44.51964286,7.161904762,9.897569444,0.654340278,22.23819444,4.158988095,,,,,,,,,,,,,,
17-05-2023,121.1904762,205.6607143,39.23181818,40.37272727,53.275,13.52954545,50.3546875,0.826519608,12.20416667,6.241818182,,,,,,,,,,,,,,
18-05-2023,,,,,,,,,,,,,,,,,,,,,,,,
19-05-2023,,,,,,,,,,,,,,,,,,,,,,,,
20-05-2023,,,,,,,,,,,,,,,,,,,,,,,,
21-05-2023,,,,,,,,,,,,,,,,,,,,,,,,
22-05-2023,,,,,,,,,,,,,,,,,,,,,,,,
23-05-2023,,,,,,,,,,,,,,,,,,,,,,,,
24-05-2023,,,,,,,,,,,,,,,,,,,,,,,,
25-05-2023,,,,,,,,,,,,,,,,,,,,,,,,
26-05-2023,,,,,,,,,,,,,,,,,,,,,,,,
27-05-2023,,,,,,,,,,,,,,,,,,,,,,,,
28-05-2023,,,,,,,,,,,,,,,,,,,,,,,,
29-05-2023,,,,,,,,,,,,,,,,,,,,,,,,
30-05-2023,,,,,,,,,,,,,,,,,,,,,,,,
31-05-2023,,,,,,,,,,,,,,,,,,,,,,,,
01-06-2023,,,,,,,,,,,,,,,,,,,,,,,,
02-06-2023,49.91666667,98.20833333,42.309375,46.56041667,36.02291667,52.75208333,38.27685185,0.528333333,12.32380952,3.669583333,,,,,,,,,,,,,,
03-06-2023,50.96180556,90.97916667,41.71909722,64.76180556,50.39097222,62.66701389,16.99861111,0.919722222,29.11527778,3.902986111,,,,,,,,,,,,,,
04-06-2023,72.16319444,119.9756944,40.91875,86.39166667,69.21423611,73.91145833,16.80104167,1.103993056,23.69826389,5.303298611,,,,,,,,,,,,,,
05-06-2023,56.67045455,106.3636364,33.95,37.98159722,37.509375,60.20972222,16.63923611,1.100034722,32.515625,1.02125,,,,,,,,,,,,,,
06-06-2023,68.04166667,191.4114583,34.94734848,40.88712121,40.70568182,53.96477273,17.1952381,0.710753968,29.19166667,1.417681159,,,,,,,,,,,,,,
07-06-2023,56.00833333,123.5,49.63333333,106.8420139,97.18923611,66.07326389,16.37604167,0.916701389,32.85833333,5.706944444,,,,,,,,,,,,,,
08-06-2023,42.67361111,67.59027778,51.10798611,108.8118056,99.42638889,71.90590278,17.00138889,0.756319444,34.85972222,4.135555556,,,,,,,,,,,,,,
09-06-2023,38.03125,65.78819444,54.08715278,94.39375,94.18020833,73.34027778,17.41354167,0.589236111,29.36388889,2.556840278,,,,,,,,,,,,,,
10-06-2023,34.42013889,63.76736111,51.209375,100.5447917,95.115625,73.26111111,15.40625,0.555520833,24.65034722,2.710138889,,,,,,,,,,,,,,
11-06-2023,35.84027778,72.62152778,47.49097222,96.14166667,89.75243056,73.29652778,18.14166667,0.542118056,35.92430556,1.938194444,,,,,,,,,,,,,,
12-06-2023,38.63541667,74.59722222,45.82361111,98.82013889,89.82013889,70.67569444,18.21458333,0.669097222,34.83645833,3.461840278,,,,,,,,,,,,,,
13-06-2023,44.04513889,112.1423611,46.61840278,99.69861111,90.92916667,72.803125,15.01979167,0.682673611,21.11493056,4.006909722,,,,,,,,,,,,,,
14-06-2023,35.83333333,94.24652778,42.59201389,97.05034722,86.25138889,73.60868056,12.18159722,0.456493056,22.24513889,1.9128125,,,,,,,,,,,,,,
15-06-2023,29.62847222,64.54513889,43.67118056,108.0642361,92.984375,73,14.68611111,0.513194444,22.89618056,2.413819444,,,,,,,,,,,,,,
16-06-2023,31.80208333,58.66319444,52.46590909,93.32462121,89.16628788,63.08787879,14.90984848,1.000797101,17.30471014,3.214652778,,,,,,,,,,,,,,
17-06-2023,31.91666667,55.0625,40.24097222,50.68229167,49.68229167,44.76111111,13.58125,0.838298611,13.97256944,3.500451389,,,,,,,,,,,,,,
18-06-2023,29.26041667,47.38888889,36.57673611,36.08333333,38.88368056,38.59756944,9.692361111,0.714583333,13.690625,2.894131944,,,,,,,,,,,,,,
19-06-2023,27.95634921,52.24603175,29.94756944,42.90659722,37.19097222,38.53541667,14.30714286,0.698623188,10.58541667,3.482430556,,,,,,,,,,,,,,
20-06-2023,48.58333333,94.61111111,32.034375,51.896875,43.65069444,36.25555556,14.32534722,0.711840278,15.54236111,3.778090278,,,,,,,,,,,,,,
21-06-2023,43.15277778,94.66319444,25.08576389,47.38819444,35.61631944,36.85590278,15.05451389,0.590590278,25.428125,2.998333333,,,,,,,,,,,,,,
22-06-2023,47.00347222,108.1006944,35.66631944,50.46215278,45.85069444,35.59548611,13.81875,0.805173611,23.58715278,3.633333333,,,,,,,,,,,,,,
23-06-2023,53.83695652,122.3804348,47.0576087,54.16956522,57.13152174,45.58478261,9.843478261,0.686956522,18.06847826,2.952608696,,,,,,,,,,,,,,
24-06-2023,62.87152778,125.3888889,60.31130952,29.78035714,54.76190476,41.1797619,11.934375,0.829409722,20.37048611,4.368784722,,,,,,,,,,,,,,
25-06-2023,35.02777778,56.66319444,33.62465278,6.311805556,20.38993056,36.22326389,12.14027778,0.609131944,14.42291667,3.057986111,,,,,,,,,,,,,,
26-06-2023,54.92013889,95.31944444,41.83298611,9.152083333,27.975,37.76770833,13.15243056,0.884097222,16.84097222,4.529618056,,,,,,,,,,,,,,
27-06-2023,46.04513889,84.14930556,36.98923611,5.907916667,21.04479167,37.60763889,13.65138889,0.715069444,20.79027778,7.107673611,,,,,,,,,,,,,,
28-06-2023,39.76041667,89.73263889,40.86979167,9.092028986,27.09756944,41.85,12.17361111,0.810173611,16.09826389,3.475243056,,,,,,,,,,,,,,
29-06-2023,53.80208333,92.20138889,38.57222222,3.532954545,21.58333333,40.13923611,15.04097222,0.901388889,15.7125,4.078159722,,,,,,,,,,,,,,
30-06-2023,31.30902778,59.87152778,37.28958333,4.94484127,20.91076389,43.96840278,13.59826389,0.740451389,16.44340278,2.756840278,,,,,,,,,,,,,,
01-07-2023,28.65972222,57.32986111,31.51875,2.573958333,15.46909722,40.29409722,14.78125,0.545138889,15.0875,2.421847826,,,,,,,,,,,,,,
02-07-2023,41.1875,73.35069444,32.5125,2.296666667,14.86805556,39.92013889,15.03923611,0.602708333,16.38229167,,,,,,,,,,,,,,,
03-07-2023,64.17708333,123.8368056,43.40972222,3.895833333,22.78020833,40.03541667,15.29826389,0.905347222,18.67256944,,,,,,,,,,,,,,,
04-07-2023,58.34722222,110.3611111,44.64340278,20.35735294,24.51631944,40.65625,15.60972222,0.859756944,16.16319444,2.149583333,,,,,,,,,,,,,,
05-07-2023,49.60416667,84.53125,43.30625,33.42430556,22.99097222,39.59409722,9.191319444,0.762048611,15.60277778,2.146631944,,,,,,,,,,,,,,
06-07-2023,36.76041667,64.61805556,42.61805556,31.25104167,21.28020833,38.96354167,14.55,0.690798611,14.16215278,2.151909722,,,,,,,,,,,,,,
07-07-2023,36.45833333,62.13888889,39.21388889,36.72465278,21.41875,41.33576389,12.19791667,0.742118056,14.38576389,2.155555556,,,,,,,,,,,,,,
08-07-2023,32.26736111,49.67361111,43.25138889,36.59270833,24.71006944,41.26006944,12.65555556,0.832395833,15.22326389,2.148472222,,,,,,,,,,,,,,
09-07-2023,29.28125,45.57291667,42.89583333,30.74548611,21.63229167,38.45659722,13.20347222,0.762465278,15.69027778,2.160798611,,,,,,,,,,,,,,
10-07-2023,32.3125,54.55208333,43.95451389,30.596875,22.06458333,37.28888889,14.20173611,0.769756944,13.54305556,2.141041667,,,,,,,,,,,,,,
11-07-2023,41.69791667,74.43402778,36.70798611,35.9375,19.02048611,39.95902778,15.32395833,0.754930556,14.51180556,2.570034722,,,,,,,,,,,,,,
12-07-2023,39.97916667,73.18402778,37.70069444,37.27048611,20.47604167,39.31493056,14.68194444,0.7978125,14.91631944,2.417777778,,,,,,,,,,,,,,
13-07-2023,40.88888889,78.35069444,39.46527778,33.14791667,19.89548611,38.89618056,16.54618056,0.845277778,17.98576389,2.474409722,,,,,,,,,,,,,,
14-07-2023,42.43181818,72.87121212,37.61354167,33.70659722,18.51458333,39.36180556,11.66041667,0.861493056,15.47638889,2.745208333,,,,,,,,,,,,,,
15-07-2023,45.02777778,85.01041667,37.40253623,33.91594203,18.44710145,39.28695652,12.04583333,0.865520833,13.53224638,1.965972222,,,,,,,,,,,,,,
16-07-2023,31.79166667,58.31944444,34.33645833,33.10798611,15.53541667,40.05625,10.94340278,0.658645833,11.03298611,1.418298611,,,,,,,,,,,,,,
17-07-2023,52.14236111,105.2395833,39.284375,42.34201389,24.465625,43.54236111,10.965625,1.169652778,19.06493056,6.6884375,,,,,,,,,,,,,,
18-07-2023,43.02777778,85.74652778,39.37881944,35.02986111,20.64444444,41.94618056,12.00555556,0.941909722,25.52083333,2.787916667,,,,,,,,,,,,,,
19-07-2023,34.5625,76.6875,38.825,32.91111111,19.08159722,39.47152778,8.766269841,0.847048611,27.49652778,3.820868056,,,,,,,,,,,,,,
20-07-2023,46.12847222,97.63541667,43.80277778,35.77638889,24.64340278,43.16076389,13.35208333,0.930486111,26.40173611,3.669340278,,,,,,,,,,,,,,
21-07-2023,51.50347222,108.7638889,46.09618056,40.6875,29.30798611,50.73333333,8.707291667,1.008368056,25.52951389,3.655173611,,,,,,,,,,,,,,
22-07-2023,37.27430556,77.59375,38.66666667,27.759375,16.27430556,35.39930556,11.11180556,0.576944444,23.240625,2.170555556,,,,,,,,,,,,,,
23-07-2023,29.42708333,63.64583333,36.52118056,30.98611111,16.35486111,37.94756944,8.64375,0.541631944,24.15347222,1.571666667,,,,,,,,,,,,,,
24-07-2023,32.03819444,67.67708333,37.74166667,31.27083333,17.31631944,38.23854167,13.79618056,0.701388889,24.75625,1.516840278,,,,,,,,,,,,,,
25-07-2023,46.70138889,83.40972222,33.56416667,40.37689394,27.99242424,36.96439394,12.56811594,0.856449275,24.56811594,2.472575758,,,,,,,,,,,,,,
26-07-2023,27.52083333,55.51041667,23.97916667,48.82430556,46.29270833,30.99131944,10.91701389,0.944409722,42.59861111,2.323402778,,,,,,,,,,,,,,
27-07-2023,44.84722222,83.82291667,22.93923611,35.83263889,37.71041667,28.09097222,12.39548611,0.904027778,60.36354167,2.323680556,,,,,,,,,,,,,,
28-07-2023,41.65625,67.94791667,21.64548611,31.65173611,34.43541667,29.01736111,10.04861111,0.831909722,57.80277778,1.848576389,,,,,,,,,,,,,,
29-07-2023,18.32291667,33.73611111,21.77256944,30.321875,33.82361111,31.18298611,11.74375,0.6959375,55.55069444,0.9925,,,,,,,,,,,,,,
30-07-2023,21.51041667,45.41319444,20.78229167,21.33159722,28.234375,29.80590278,11.13125,0.514375,60.02465278,0.998784722,,,,,,,,,,,,,,
31-07-2023,46.375,80.76388889,21.28958333,20.92847222,28.15486111,28.40486111,11.9,0.676354167,62.73888889,2.225069444,,,,,,,,,,,,,,
01-08-2023,24.625,61.47916667,27.46493056,17.028125,31.05416667,34.50243056,13.546875,0.439895833,67.81458333,2.514652778,,,,,,,,,,,,,,
02-08-2023,25.92013889,66.17708333,27.44236111,13.22326389,28.6,37.23402778,9.040079365,0.427395833,67.35555556,2.439826389,,,,,,,,,,,,,,
03-08-2023,28.98958333,71.23611111,21.878125,33.34583333,37.84305556,34.45868056,9.080902778,0.457847222,70.33888889,1.91134058,,,,,,,,,,,,,,
04-08-2023,37.5625,80.09722222,15.36631944,64.52777778,46.80763889,23.36631944,9.764583333,0.849861111,72.78645833,2.490833333,,,,,,,,,,,,,,
05-08-2023,38.84027778,74.60069444,15.184375,68.43194444,48.71215278,24.82465278,11.36284722,1.081597222,58.30069444,4.092048611,,,,,,,,,,,,,,
06-08-2023,27.06944444,72.78472222,12.75208333,46.66805556,35.19097222,23.47465278,9.204166667,0.437013889,59.13680556,2.1728125,,,,,,,,,,,,,,
07-08-2023,29.08680556,89.26736111,12.95833333,41.13784722,32.35590278,21.33229167,11.47534722,0.357534722,60.91736111,1.794166667,,,,,,,,,,,,,,
08-08-2023,25.65625,99.68055556,13.22881944,37.48819444,30.66631944,20.62881944,7.623412698,0.374652778,61.82604167,2.123854167,,,,,,,,,,,,,,
09-08-2023,31.22569444,118.5520833,12.78125,37.98888889,30.51493056,20.37534722,10.88253968,0.447118056,43.18514493,2.37692029,,,,,,,,,,,,,,
10-08-2023,32.84375,112.90625,13.34756944,46.74826389,35.70868056,21.50555556,8.561805556,0.700763889,30.06076389,3.171458333,,,,,,,,,,,,,,
11-08-2023,36.29861111,122.4583333,12.59513889,40.39305556,31.72708333,21.80451389,7.545486111,0.539305556,30.40416667,3.431875,,,,,,,,,,,,,,
12-08-2023,29.47916667,103.2743056,12.84409722,35.26875,29.28854167,20.53472222,9.261805556,0.325347222,38.58090278,2.151701389,,,,,,,,,,,,,,
13-08-2023,27.5,84.45833333,13.19791667,35.80625,29.77916667,19.584375,7.078819444,0.395833333,41.82395833,3.1659375,,,,,,,,,,,,,,
14-08-2023,35.66666667,102.5833333,13.96770833,52.04201389,39.01840278,21.02708333,7.548809524,0.702638889,36.24722222,3.644097222,,,,,,,,,,,,,,
15-08-2023,53.62847222,107.6215278,13.64791667,46.93125,36.04166667,22.48888889,5.471527778,0.864166667,32.60486111,4.889479167,,,,,,,,,,,,,,
16-08-2023,48.46180556,120.8645833,13.40798611,43.02222222,33.75347222,22.55902778,8.6125,0.735451389,36.13125,4.811875,,,,,,,,,,,,,,
17-08-2023,37.42361111,126.1458333,14.08506944,44.96493056,35.36840278,21.41666667,8.902083333,0.695486111,39.83854167,3.3871875,,,,,,,,,,,,,,
18-08-2023,43.57986111,156.4409722,40.28174603,35.05,48.40753968,19.965,7.15952381,0.732222222,29.8057971,2.474791667,,,,,,,,,,,,,,
19-08-2023,53.02430556,102.6145833,81.67604167,36.18409091,83.43229167,17.69375,11.1625,1.196875,15.965625,4.849479167,,,,,,,,,,,,,,
20-08-2023,43.84027778,87.32986111,86.60277778,31.13229167,86.80381944,17.10277778,11.61909722,1.039652778,15.65868056,5.714236111,,,,,,,,,,,,,,
21-08-2023,47.49305556,91.6875,88.76527778,10.19916667,72.39444444,16.45555556,8.036111111,0.888090278,28.26701389,5.073090278,,,,,,,,,,,,,,
22-08-2023,39.36805556,83.97569444,58.47881944,46.30486111,70.39513889,16.98125,11.41006944,0.900694444,15.63784722,3.516284722,,,,,,,,,,,,,,
23-08-2023,23.17708333,53.21875,31.49756944,87.48784722,72.14340278,16.08472222,12.19444444,0.968541667,13.27430556,2.4321875,,,,,,,,,,,,,,
24-08-2023,24.84027778,88.40277778,26.24270833,64.19270833,55.44652778,17.83854167,11.24166667,0.626284722,14.17638889,2.005486111,,,,,,,,,,,,,,
25-08-2023,26.96527778,101.21875,24.25173611,57.76805556,50.44583333,13.69409722,11.78506944,0.593368056,26.20069444,2.380069444,,,,,,,,,,,,,,
26-08-2023,34.79513889,146.6423611,24.92743056,59.91006944,52.09652778,14.80486111,9.286111111,0.524652778,19.22951389,1.909236111,,,,,,,,,,,,,,
27-08-2023,42.0625,174.8819444,24.72395833,55.14756944,49.43055556,14.08159722,11.03680556,0.440520833,37.759375,1.572743056,,,,,,,,,,,,,,
28-08-2023,40.39583333,157.9652778,28.79652778,68.83715278,60.01597222,12.925,8.698263889,0.699513889,45.18472222,2.197604167,,,,,,,,,,,,,,
29-08-2023,39.38541667,140.6631944,26.58768116,69.04456522,58.32898551,15.09094203,10.81931818,0.661818182,27.3634058,2.776268116,,,,,,,,,,,,,,
30-08-2023,44.72222222,140.9965278,25.36805556,80.68645833,63.51875,15.58090278,4.377898551,0.741597222,32.58784722,2.453611111,,,,,,,,,,,,,,
31-08-2023,42.80208333,134.4652778,27.11944444,92.39826389,71.15625,17.20763889,6.396180556,0.761597222,33.00381944,3.316458333,,,,,,,,,,,,,,
01-09-2023,34.76736111,120.8263889,24.10555556,71.96666667,57.79479167,16.62708333,10.94206349,0.775798611,29.10173611,2.8840625,,,,,,,,,,,,,,
02-09-2023,35.29861111,122.1701389,23.46041667,60.18541667,50.89305556,14.928125,9.763095238,0.832465278,37.06736111,2.780625,,,,,,,,,,,,,,
03-09-2023,34.31597222,121.78125,23.54340278,76.66666667,59.81041667,15.95173611,10.85208333,0.911701389,33.09270833,2.550659722,,,,,,,,,,,,,,
04-09-2023,34.24305556,113.8680556,26.56145833,78.86909722,63.528125,16.68576389,11.93611111,0.956909722,31.32986111,2.112291667,,,,,,,,,,,,,,
05-09-2023,41.02430556,101.8541667,26.4,79.72638889,63.87534722,14.49201389,14.00381944,1.108888889,60.68784722,2.414409722,,,,,,,,,,,,,,
06-09-2023,30.34722222,86.85416667,25.98958333,90.25763889,69.13854167,22.64548611,12.31493056,1.179722222,30.70694444,2.226458333,,,,,,,,,,,,,,
07-09-2023,38.31597222,85.79513889,26.70208333,86.30555556,67.53784722,16.20034722,13.09340278,1.199375,51.2134058,2.916215278,,,,,,,,,,,,,,
08-09-2023,24.51388889,62.69791667,21.06805556,51.63680556,44.59895833,16.7375,11.15416667,0.824375,42.278125,1.520277778,,,,,,,,,,,,,,
09-09-2023,15.60069444,33.17013889,20.390625,38.2125,36.89965278,16.87534722,10.65,0.765173611,17.78993056,1.1059375,,,,,,,,,,,,,,
10-09-2023,11.13194444,24.78125,22.78784722,27.8125,33.18125,14.609375,10.66904762,0.709618056,15.61875,,,,,,,,,,,,,,,
11-09-2023,29.18402778,62.74652778,26.62222222,89.61145833,69.30972222,14.78888889,10.346875,1.221631944,45.58402778,,,,,,,,,,,,,,,
12-09-2023,42.32986111,87.06944444,29.7134058,110.4373188,82.90362319,13.46086957,10.51956522,1.538405797,43.35378788,2.959166667,,,,,,,,,,,,,,
13-09-2023,55.5942029,100.5797101,31.43405797,97.07536232,77.19456522,26.96190476,13.31702899,1.84865942,32.79927536,2.758043478,,,,,,,,,,,,,,
14-09-2023,60.78125,111.5069444,39.92430556,68.98090278,69.15069444,49.48923611,17.29930556,1.918645833,32.584375,2.902048611,,,,,,,,,,,,,,
15-09-2023,38.39583333,76.80555556,28.68888889,44.54479167,47.00798611,32.12847222,12.81284722,1.478958333,25.33645833,2.499513889,,,,,,,,,,,,,,
16-09-2023,32.60416667,63.54861111,27.95486111,44.46423611,46.37916667,29.78402778,17.80138889,1.451944444,28.81388889,2.253993056,,,,,,,,,,,,,,
17-09-2023,26.09027778,52.37847222,24.85833333,39.28333333,41.10069444,27.08020833,12.71770833,1.210902778,59.78125,1.481284722,,,,,,,,,,,,,,
18-09-2023,18.29861111,46.60069444,29.91493056,47.12847222,49.38125,29.17430556,12.86805556,1.376458333,67.47534722,1.550173611,,,,,,,,,,,,,,
19-09-2023,26.43115942,58.55681818,35.046875,51.61319444,55.94166667,29.78576389,13.35138889,1.467013889,64.19305556,1.627395833,,,,,,,,,,,,,,
20-09-2023,44.22569444,86.28819444,37.115625,68.85868056,66.79618056,36.22604167,17.48888889,1.7096875,72.14270833,2.482638889,,,,,,,,,,,,,,
21-09-2023,39.24305556,76.85763889,31.28958333,53.90347222,54.07986111,32.35451389,9.876736111,1.495243056,68.55972222,2.167708333,,,,,,,,,,,,,,
22-09-2023,53.20833333,92.77083333,28.96992754,51.84492754,51.13442029,30.45036232,13.84673913,1.502463768,46.2,2.229492754,,,,,,,,,,,,,,
23-09-2023,51.94791667,87.61458333,33.575,65.56458333,62.17083333,34.36041667,7.084027778,1.847604167,13.05208333,1.538958333,,,,,,,,,,,,,,
24-09-2023,63.84722222,110.9722222,41.35555556,83.24652778,77.90277778,46.79479167,8.767013889,1.997847222,14.16145833,1.782048611,,,,,,,,,,,,,,
25-09-2023,67.74305556,123.4548611,29.45555556,58.88125,55.27430556,32.975,6.948958333,1.59,28.49201389,1.661076389,,,,,,,,,,,,,,
26-09-2023,79.28819444,150.2638889,30.69409722,54.02743056,53.69270833,31.36909722,7.008333333,1.518368056,34.40208333,1.772951389,,,,,,,,,,,,,,
27-09-2023,45.93055556,123.2569444,25.48958333,40.57569444,42.30138889,27.48333333,8.276041667,1.196284722,29.83055556,1.371631944,,,,,,,,,,,,,,
28-09-2023,52.15625,130.1423611,24.15,44.93598485,43.42537879,27.09166667,8.268055556,1.326630435,30.70398551,1.814886364,,,,,,,,,,,,,,
29-09-2023,69.14583333,157.1631944,31.28888889,62.37847222,58.62013889,35.37673611,9.796875,1.506458333,35.20555556,2.143333333,,,,,,,,,,,,,,
30-09-2023,60.48263889,152.6736111,23.34826389,43.61527778,42.17986111,27.18958333,4.228125,1.264548611,29.69444444,1.539826389,,,,,,,,,,,,,,
01-10-2023,58.64583333,148.5555556,22.93472222,43.396875,41.72361111,27.15381944,17.74548611,1.199548611,29.21458333,1.284652778,,,,,,,,,,,,,,
02-10-2023,56,135.4791667,22.27847222,47.37083333,43.30868056,26.55520833,10.75625,1.229965278,37.63506944,1.418923611,,,,,,,,,,,,,,
03-10-2023,54.19791667,144.7881944,30.86909722,65.47152778,59.89618056,33.92118056,7.601190476,1.391666667,32.878125,1.748680556,,,,,,,,,,,,,,
04-10-2023,58.83333333,157.0694444,23.37465278,49.54652778,45.36458333,27.79618056,11.41840278,1.354166667,36.68090278,1.783055556,,,,,,,,,,,,,,
05-10-2023,80.39930556,190.7222222,32.82916667,79.51944444,68.9875,36.94722222,8.817361111,1.915034722,33.62777778,2.204479167,,,,,,,,,,,,,,
06-10-2023,89.67708333,197.6111111,43.68645833,104.5465278,91.121875,50.01388889,11.83819444,2.214965278,36.47743056,1.938159722,,,,,,,,,,,,,,
07-10-2023,80.23263889,173.2256944,54.51979167,118.7496528,107.4909722,60.67847222,12.29791667,2.324236111,20.43402778,2.032881944,,,,,,,,,,,,,,
08-10-2023,70.85416667,151.34375,42.32083333,82.36770833,78.15034722,49.89791667,12.87118056,1.822673611,16.45868056,1.528229167,,,,,,,,,,,,,,
09-10-2023,76.49305556,169.9652778,45.85868056,88.90590278,84.57361111,47.70173611,10.89409722,2.083506944,18.228125,1.611527778,,,,,,,,,,,,,,
10-10-2023,73.64930556,160.6666667,43.43043478,85.57753623,80.82934783,50.67572464,8.717708333,1.849583333,19.71231884,1.930659722,,,,,,,,,,,,,,
11-10-2023,87.38194444,158.2916667,25.97048611,50.89652778,48.19201389,30.40659722,11.93297101,1.438297101,26.33090278,1.599236111,,,,,,,,,,,,,,
12-10-2023,114.5905797,195.1195652,34.80694444,82.703125,72.29201389,40.93333333,8.936458333,1.925763889,34.18645833,1.680381944,,,,,,,,,,,,,,
13-10-2023,124.5138889,221.8819444,46.128125,111.9625,97.05763889,51.49479167,11.18333333,2.335972222,36.27673611,2.171354167,,,,,,,,,,,,,,
14-10-2023,96.39236111,171.5868056,59.64722222,134.5510417,120.065625,63.19791667,10.22698413,2.617118056,23.74513889,1.991631944,,,,,,,,,,,,,,
15-10-2023,78.92013889,154.9131944,58.83368056,129.446875,116.6934028,65.60659722,13.62048611,2.411805556,20.99097222,2.351666667,,,,,,,,,,,,,,
16-10-2023,54.59375,127.7708333,35.00208333,68.30034722,64.78020833,43.77083333,14.40520833,1.311111111,17.675,2.337395833,,,,,,,,,,,,,,
17-10-2023,48.21875,66.71527778,36.00868056,71.07673611,67.04409722,42.24444444,8.965277778,1.695173611,10.91701389,2.119756944,,,,,,,,,,,,,,
18-10-2023,45.75,71.55902778,27.96215278,44.28506944,46.28263889,34.003125,11.51076389,1.077361111,18.98333333,2.104756944,,,,,,,,,,,,,,
19-10-2023,45.83680556,75.42361111,25.55486111,41.78333333,43.003125,30.315625,11.021875,1.195555556,29.81354167,2.103055556,,,,,,,,,,,,,,
20-10-2023,90.73958333,124.5,37.73115942,71.32065217,68.6134058,41.14311594,15.60931373,1.396811594,30.59855072,4.080434783,,,,,,,,,,,,,,
21-10-2023,148.8020833,201.2395833,44.61527778,108.4333333,93.95069444,53.2625,9.571969697,2.090625,44.56875,6.9378125,,,,,,,,,,,,,,
22-10-2023,154.4895833,218.1770833,53.93645833,121.0427083,108.2336806,65.21909722,13.22638889,1.994340278,32.63645833,8.839201389,,,,,,,,,,,,,,
23-10-2023,129.2246377,177.4963768,31.95875,58.24625,56.96625,41.13,16.86875,1.696805556,22.26076389,4.26525,,,,,,,,,,,,,,
24-10-2023,91.42708333,141.7569444,58.68125,70.88020833,85.39375,18.34895833,9.428125,1.499901961,28.8375,5.765416667,,,,,,,,,,,,,,
25-10-2023,125.8043478,187.1376812,53.09201389,67.60034722,79.12118056,20.96354167,14.10396825,1.5078125,30.34513889,5.025694444,,,,,,,,,,,,,,
26-10-2023,100.53125,157.6944444,72.03297101,97.35253623,110.3485507,19.99202899,11.06304348,1.883819444,26.90108696,7.321287879,,,,,,,,,,,,,,
27-10-2023,121.6944444,184.8333333,115.1625,127.9511364,120.6559524,24.665625,7.290972222,2.898298611,32.00069444,6.7090625,,,,,,,,,,,,,,
28-10-2023,129.8194444,174.1006944,137.7899306,213.7819444,223.8663194,36.61770833,12.65104167,3.050381944,38.26736111,8.821111111,,,,,,,,,,,,,,
29-10-2023,146.0868056,211.2847222,168.0760417,270.1368056,277.9215278,40.578125,16.64965278,3.497951389,26.440625,6.423368056,,,,,,,,,,,,,,
30-10-2023,163.5833333,229.65625,153.8270833,248.9440972,254.7336806,44.92256944,15.39027778,3.245173611,23.33854167,6.413368056,,,,,,,,,,,,,,
31-10-2023,182.0034722,250.6979167,135.5298611,215.584375,224.2190972,39.8125,11.51354167,3.206145833,19.41319444,6.146458333,,,,,,,,,,,,,,
01-11-2023,165.0243056,216.8993056,131.2522727,214.0352273,219.992803,52.8875,15.75507246,3.058478261,23.08768116,6.957878788,,,,,,,,,,,,,,
02-11-2023,270.4826389,328.7222222,102.1131944,198.9465278,188.8409722,72.16701389,9.948611111,3.479756944,16.63368056,9.204097222,,,,,,,,,,,,,,
03-11-2023,262.7534722,326.6076389,81.64826389,157.1197917,150.596875,58.35416667,7.51031746,3.468611111,19.85625,7.278020833,,,,,,,,,,,,,,
04-11-2023,264.8298611,327.65625,89.41805556,175.1486111,165.8621528,66.246875,8.893055556,3.422777778,17.459375,10.58361111,,,,,,,,,,,,,,
05-11-2023,270.3472222,337.8506944,81.89652778,157.9913194,150.6159722,61.31770833,6.453623188,3.290104167,21.08888889,8.829756944,,,,,,,,,,,,,,
06-11-2023,203.7708333,263.8923611,126.5302083,263.2274306,244.0371528,83.12986111,14.134375,4.195104167,21.20451389,7.268368056,,,,,,,,,,,,,,
07-11-2023,276.7246377,378.9311594,101.8673611,212.9743056,196.0993056,73.29791667,11.40034722,3.932256944,29.91388889,9.674930556,,,,,,,,,,,,,,
08-11-2023,324.8159722,458,92.52743056,179.5777778,170.7479167,69.47013889,11.98090278,3.543333333,22.30178571,12.01041667,,,,,,,,,,,,,,
09-11-2023,381.7395833,508.5451389,81.77326389,146.4239583,144.3534722,59.63819444,10.13125,3.531145833,6.060714286,9.845243056,,,,,,,,,,,,,,
10-11-2023,154.9027778,203.15625,48.81284722,67.99479167,75.84652778,37.63368056,9.743402778,1.430833333,7.382638889,3.704479167,,,,,,,,,,,,,,
11-11-2023,110.2847222,159.9340278,38.07753623,54.20326087,59.79275362,29.86992754,4.931578947,1.148115942,27.82717391,3.999673913,,,,,,,,,,,,,,
12-11-2023,192.5729167,204.6630435,38.8,75.44513889,71.67916667,32.92361111,13.10902778,1.379583333,18.87743056,4.635243056,,,,,,,,,,,,,,
13-11-2023,395.7142857,427.2291667,58.01388889,132.1704861,117.4652778,47.12083333,14.41319444,2.418645833,23.61875,6.977048611,,,,,,,,,,,,,,
14-11-2023,270.2717391,334.0217391,64.42717391,155.6478261,135.1673913,54.47282609,29.28368056,2.462717391,29.08958333,8.331630435,,,,,,,,,,,,,,
15-11-2023,291.5347222,359.2048611,67.275,117.4678571,117.1761905,32.47440476,19.27847222,2.239055556,33.06145833,7.373095238,,,,,,,,,,,,,,
16-11-2023,360.2083333,448.28125,91.48229167,163.8125,160.7923611,41.50902778,14.359375,2.064824561,33.16770833,7.375729167,,,,,,,,,,,,,,
17-11-2023,215.5595238,304.797619,125.4288889,257.6555556,239.0244444,56.34388889,49.68009259,3.261410256,22.85526316,7.524739583,,,,,,,,,,,,,,
18-11-2023,184.3368056,251.2951389,65.31666667,152.6760417,135.2027778,35.83368056,7.764583333,2.155798611,54.55486111,5.431805556,,,,,,,,,,,,,,
19-11-2023,154.9444444,225.8541667,95.078125,210.4170139,189.2225694,45.36701389,10.75625,2.610104167,50.06805556,5.094479167,,,,,,,,,,,,,,
20-11-2023,170.0763889,264.2673611,95.05347222,208.3451389,189.2826389,53.47569444,14.16631944,2.916631944,57.40729167,6.803298611,,,,,,,,,,,,,,
21-11-2023,208.6875,294.3958333,39.26557971,77.97246377,73.40289855,31.20181159,12.340625,1.6678125,34.55243056,6.954768519,,,,,,,,,,,,,,
22-11-2023,180.8854167,257.4791667,50.60138889,108.0722222,98.61770833,30.37222222,13.90347222,2.2375,36.25798611,5.591354167,,,,,,,,,,,,,,
23-11-2023,195.8368056,284.2291667,107.0399306,260.3114583,226.2017361,59.12430556,17.73368056,3.702152778,25.496875,9.672465278,,,,,,,,,,,,,,
24-11-2023,216.0069444,322.6423611,130.7461806,279.7393939,251.7742754,73.17430556,13.67430556,4.119340278,32.76493056,10.2290625,,,,,,,,,,,,,,
25-11-2023,228,310.78125,76.81458333,184.3420139,161.5611111,48.73506944,13.425,1.1325,26.96284722,8.345972222,,,,,,,,,,,,,,
26-11-2023,292.9756944,380.1458333,126.059375,276.4609848,252.2032609,72.01423611,15.57604167,0.250520833,19.31354167,9.179097222,,,,,,,,,,,,,,
27-11-2023,315.2847222,377.6666667,70.10381944,129.0784722,125.6538194,50.52881944,11.45034722,0.2703125,10.83368056,7.537465278,,,,,,,,,,,,,,
28-11-2023,257.8809524,292.8901515,31.26631944,17.26909722,34.52465278,19.40833333,13.27013889,0.967916667,9.276736111,4.938159722,,,,,,,,,,,,,,
29-11-2023,184.2951389,263.4548611,55.02256944,73.40381944,83.77777778,48.00694444,10.89409722,2.969513889,11.28645833,6.2809375,,,,,,,,,,,,,,
30-11-2023,231.7708333,326.5416667,66.18993056,98.096875,105.9913194,62.54236111,12.98194444,3.367604167,10.26111111,10.36336806,,,,,,,,,,,,,,
01-12-2023,237.9826389,319.5451389,37.43020833,33.10659722,47.98923611,26.45069444,15.17743056,1.736631944,18.52569444,7.626145833,,,,,,,,,,,,,,
02-12-2023,160.8923611,242.1284722,48.15208333,56.87569444,69.39166667,38.85347222,12.35659722,2.158055556,16.83506944,8.433958333,,,,,,,,,,,,,,
03-12-2023,139.6354167,210.3333333,44.54826389,53.37361111,64.59965278,35.13888889,11.54236111,1.942777778,18.70069444,6.553229167,,,,,,,,,,,,,,
04-12-2023,143.8645833,218.25,42.01631944,44.85277778,58.09618056,32.528125,11.97013889,1.841805556,18.08888889,5.200208333,,,,,,,,,,,,,,
05-12-2023,119.1231884,186.8876812,34.27424242,29.53787879,43.56704545,21.14734848,25.540625,1.320795455,23.05606061,6.036628788,,,,,,,,,,,,,,
06-12-2023,152.0486111,219.2256944,37.65,56.13988095,60.2577381,20.69404762,13.17604167,1.675297619,39.38452381,4.41077381,,,,,,,,,,,,,,
07-12-2023,190.0625,268.2222222,44.171875,78.68472222,77.70034722,27.2375,15.78680556,2.087673611,22.44375,6.150104167,,,,,,,,,,,,,,
08-12-2023,175.9375,256.5555556,44.925,82.51701389,80.31736111,26.96770833,13.07326389,2.021284722,25.14166667,8.0315625,,,,,,,,,,,,,,
09-12-2023,174.115942,247.0434783,37.26319444,59.68125,62.03368056,21.25208333,12.17465278,1.623090278,27.63958333,7.730520833,,,,,,,,,,,,,,
10-12-2023,168.9409722,239.8680556,39.31041667,67.62569444,67.75729167,22.234375,16.03611111,1.793090278,24.41111111,6.123993056,,,,,,,,,,,,,,
11-12-2023,175.1770833,270.5868056,59.790625,147.8875,127.2788194,41.02534722,15.88993056,2.911840278,21.20625,6.938020833,,,,,,,,,,,,,,
12-12-2023,235.2604167,343.1319444,78.94270833,212.3232639,177.1121528,57.35729167,13.95277778,3.381701389,13.13611111,7.822152778,,,,,,,,,,,,,,
13-12-2023,307.5705128,424.3717949,68.26987179,168.7467949,146.8416667,46.31217949,41.80595238,2.662777778,11.13205128,10.61208333,,,,,,,,,,,,,,
14-12-2023,,,,,,,,,,,,,,,,,,,,,,,,
15-12-2023,,,,,,,,,,,,,,,,,,,,,,,,
16-12-2023,238.1666667,366.5166667,80.11145833,225.7552083,185.2135417,59.26666667,33.625,3.207395833,13.32395833,3.34952381,,,,,,,,,,,,,,
17-12-2023,229.9722222,312.4027778,48.25798611,108.3763889,96.86805556,33.66805556,22.78333333,1.278576389,20.37222222,4.071145833,,,,,,,,,,,,,,
18-12-2023,168.1701389,235.3680556,31.55277778,41.20104167,47.31770833,18.61840278,18.15902778,0.824270833,18.71666667,4.194340278,,,,,,,,,,,,,,
19-12-2023,146.1284722,218.6666667,35.91354167,51.93194444,56.81909722,20.921875,14.39826389,1.532118056,38.78194444,3.677013889,,,,,,,,,,,,,,
20-12-2023,175.1875,254.4756944,41.37395833,73.99236111,72.98854167,26.67777778,13.94652778,1.871944444,21.43125,4.137916667,,,,,,,,,,,,,,
21-12-2023,286.5381944,390.6979167,58.284375,133.3430556,118.3197917,53.39930556,14.82916667,2.8084375,18.40416667,3.928958333,,,,,,,,,,,,,,
22-12-2023,398.6875,533.9236111,66.32608696,162.5449275,140.384058,88.98985507,11.9780303,3.781413043,16.54673913,3.574128788,,,,,,,,,,,,,,
23-12-2023,345.75,448.0615942,53.16022727,132.7761364,113.8409091,74.26401515,35.71979167,3.876590909,12.54270833,5.290492424,,,,,,,,,,,,,,
24-12-2023,330.2256944,427.0729167,29.93958333,72.24131944,62.77361111,43.47986111,10.83159722,4.327938596,18.290625,11.17875,,,,,,,,,,,,,,
25-12-2023,255.7986111,328.2951389,19.11111111,32.09548611,32.60590278,24.04826389,18.18015873,1.948368056,19.28229167,7.106180556,,,,,,,,,,,,,,
26-12-2023,283.4270833,374.0138889,23.49027778,48.8875,45.10590278,32.01458333,16.4375,2.572152778,16.34583333,8.918229167,,,,,,,,,,,,,,
27-12-2023,296.3478261,395.4710145,18.94340278,33.13298611,33.034375,25.36770833,14.10486111,1.600208333,10.55694444,10.31864583,,,,,,,,,,,,,,
28-12-2023,236.6909722,318.2361111,15.21376812,19.75797101,22.88297101,18.12427536,16.97644928,1.461736111,16.72391304,6.322971014,,,,,,,,,,,,,,
29-12-2023,265.8125,371,16.98506944,25.37534722,27.30347222,20.09027778,13.08514493,1.846770833,11.77638889,6.652152778,,,,,,,,,,,,,,
30-12-2023,268.8106061,371.3560606,13.92326389,16.40625,20.04305556,13.47534722,19.74930556,1.5678125,12.09479167,5.5153125,,,,,,,,,,,,,,
31-12-2023,220.21875,309.6805556,15.359375,21.47083333,23.90763889,17.371875,17.25625,1.460590278,8.917708333,5.672951389,,,,,,,,,,,,,,
